Event,Event Date,Run Number,Position,Finish Time,Age Grade,PB
Father Collins,2026-09-19,491,164,43:50,31.86%,
York Community Woodland,2026-09-12,33,345,53:58,25.88%,
Armley,2026-09-05,354,200,47:19,29.52%,
Stretford,2026-08-29,468,756,51:57,26.88%,
Stretford,2026-08-22,467,884,59:18,23.55%,
Stretford,2026-08-15,466,657,45:55,30.42%,
Stretford,2026-08-08,465,890,54:20,25.71%,
Cheadle Hulme,2026-08-01,479,132,52:08,26.79%,PB
Croxteth Hall,2026-07-25,474,518,58:34,23.85%,
Stretford,2026-07-18,462,710,44:21,31.49%,
Stretford,2026-07-11,461,510,42:47,32.65%,
Stretford,2026-07-04,460,612,43:39,32.00%,
Stretford,2026-06-27,459,505,44:36,31.32%,
Burnage,2026-06-20,636,329,53:35,26.07%,
Macclesfield,2026-06-13,341,266,43:08,32.38%,
"Lister Park, Bradford",2026-06-06,746,386,46:30,30.04%,
Victoria Embankment,2026-05-30,12,658,43:47,31.90%,
"Kingsway Park, Urmston",2026-05-23,4,498,46:56,29.76%,
Holbrooks,2026-05-16,132,106,41:26,33.71%,
The Wammy,2026-05-09,349,515,47:43,29.27%,
Tawd Valley,2026-05-02,274,220,49:59,27.94%,
Stretford,2026-04-25,450,725,54:36,25.58%,
Halifax,2026-04-18,482,211,52:17,26.71%,
Worden,2026-04-11,116,230,51:24,27.17%,
Pontefract,2026-04-04,700,344,52:24,26.65%,
Stretford,2026-03-28,446,819,54:52,25.46%,
The Fisherman’s Walk,2026-03-21,83,110,51:36,27.07%,
Stretford,2026-03-14,444,745,51:32,27.10%,
Northwich,2026-03-07,334,338,51:49,26.95%,
Peel,2026-02-28,215,554,48:54,28.32%,
Oakwell Hall,2026-02-21,430,111,57:40,24.02%,
Heaton Park,2026-02-14,722,992,51:32,26.88%,
Stretford,2026-02-07,439,663,44:05,31.42%,
Stretford,2026-01-31,438,666,43:55,31.54%,
Stretford,2026-01-24,437,756,53:24,25.94%,
Fountains Abbey,2026-01-17,525,429,43:59,31.49%,
Woodbank,2026-01-10,767,320,47:50,28.95%,
Clarence,2026-01-03,103,150,51:02,27.14%,
Cliffe Castle,2026-01-01,307,124,51:59,26.64%,
Birkenhead,2025-12-27,455,874,52:34,26.35%,
Worsley Woods,2025-12-25,625,756,53:16,26.00%,
Bolton,2025-12-20,678,295,51:25,26.94%,
Haigh Woodland,2025-12-13,443,193,52:20,26.46%,
Burnley,2025-12-06,614,321,46:39,29.69%,
Pendle,2025-11-29,517,76,46:36,29.72%,
Ormskirk,2025-11-22,498,314,46:49,29.58%,
Knowsley,2025-11-15,378,137,45:16,30.60%,
Ballincollig,2025-11-08,400,322,42:30,32.59%,
Southport,2025-11-01,420,368,1:09:23,19.96%,
Pont y Bala,2025-10-25,217,73,55:29,24.96%,
Morecambe Prom,2025-10-18,262,383,43:44,31.67%,
Selby,2025-10-11,332,216,39:47,34.81%,
Żary,2025-10-04,559,54,42:21,32.70%,
Mauerweg,2025-10-03,29,703,37:32,36.90%,
Medina I.O.W.,2025-09-27,671,284,47:31,29.15%,
Cross Flatts,2025-09-20,562,96,38:39,35.83%,
University Parks,2025-09-13,186,534,39:03,35.47%,
Skipton,2025-09-06,562,163,41:19,33.52%,
Crosby,2025-08-30,432,241,38:14,36.22%,
Jubilee,2025-08-23,209,65,36:58,37.47%,
Glossop,2025-08-16,411,116,40:06,34.54%,
Yarborough Leisure Centre,2025-08-09,118,183,34:13,40.48%,
Whinlatter Forest,2025-08-02,300,129,44:03,31.44%,PB
Penrose,2025-07-26,466,250,35:33,38.96%,
Trentham Gardens,2025-07-19,165,687,40:05,34.55%,
Salcey Forest,2025-07-12,222,141,36:13,38.24%,
Land’s End,2025-07-05,219,112,35:57,38.53%,
Lyme Park,2025-06-28,508,125,44:04,31.43%,
Irchester Country,2025-06-21,222,194,36:29,37.96%,
Goole,2025-06-14,418,169,34:28,40.18%,
Alexandra,2025-06-07,193,447,31:36,43.83%,
Wilmslow,2025-05-31,460,238,35:32,38.98%,
Ruthin Memorial Playing Fields,2025-05-24,152,85,30:22,45.61%,
Philips Park,2025-05-17,105,107,33:18,41.59%,
Peel,2025-05-10,179,668,34:12,40.50%,
Dewsbury,2025-05-03,598,104,33:42,41.10%,
Warrington,2025-04-26,521,423,33:36,41.22%,PB
Lordship Recreation Ground,2025-04-19,134,142,31:45,43.62%,
Alvaston,2025-04-12,228,260,31:33,43.90%,
Stretford,2025-04-05,398,548,33:00,41.97%,
Queen Elizabeth’s Grammar School,2025-03-29,2,177,33:47,41.00%,
Pennington Flash,2025-03-22,621,122,35:29,39.03%,PB
Morecambe Prom,2025-03-15,232,346,31:57,43.35%,
Tamworth Castle Grounds,2025-03-08,63,216,33:16,41.63%,
Phoenix,2025-03-01,336,55,35:27,38.79%,
Pontypool,2025-02-22,489,112,35:10,39.10%,
Clitheroe Castle,2025-02-15,269,98,39:01,35.24%,
Burnage,2025-02-08,566,219,39:30,34.81%,
Castle Park,2025-02-01,306,363,37:46,36.41%,
Stretford,2025-01-25,388,900,41:53,32.83%,
Vicar Water Country Park,2025-01-18,1,265,43:16,31.78%,
Heaton Park,2025-01-11,666,1068,47:28,28.97%,
Congleton,2025-01-04,566,472,43:00,31.98%,
Hyndburn,2025-01-01,294,161,48:05,28.60%,
Quakers Walk,2024-12-28,61,205,41:51,32.86%,
Worsley Woods,2024-12-25,577,572,42:45,32.16%,
Stamford Park,2024-12-21,414,93,43:20,31.73%,
Chester,2024-12-14,361,267,44:02,31.23%,
Centre Vale,2024-12-07,206,101,44:05,31.19%,
Heaton Park,2024-11-30,658,620,40:42,33.78%,
Croxteth Hall,2024-11-23,395,204,41:18,33.29%,
Widnes,2024-11-16,433,371,36:36,37.57%,
Marple,2024-11-09,586,203,41:14,33.35%,
Sutton Manor,2024-11-02,170,55,44:25,30.96%,
Cheadle Hulme,2024-10-26,389,39,57:38,23.86%,
Pavilion Gardens,2024-10-19,96,236,41:49,32.88%,
Delamere,2024-10-12,517,367,37:15,36.91%,PB
Lancaster,2024-10-05,374,231,41:24,33.21%,
Epworth Equestrian,2024-09-07,54,229,41:49,32.88%,
Nova Prestatyn,2024-08-31,156,131,37:44,36.44%,
Erddig,2024-08-24,317,224,40:58,33.56%,
Fell Foot,2024-08-17,418,250,36:11,38.00%,PB
Burnley,2024-08-10,548,335,37:39,36.52%,
Alderley Park,2024-08-03,104,119,37:49,36.36%,
Worsley Woods,2024-07-27,557,380,38:38,35.59%,
Holyrood,2024-07-20,96,465,45:56,29.93%,
Penistone,2024-07-13,174,166,36:28,37.71%,
Bramhall Park,2024-07-06,745,334,36:19,37.86%,
Stretford,2024-06-29,361,378,36:28,37.71%,
Hyndburn,2024-06-22,267,116,41:18,33.29%,
Delamere,2024-06-15,500,625,38:35,35.64%,PB
St Helens,2024-06-08,441,210,37:10,37.00%,
Philips Park,2024-06-01,62,166,44:15,31.07%,
Chadderton Hall,2024-05-25,336,78,38:45,35.48%,PB
Worden,2024-05-18,28,156,36:46,37.40%,
Woodbank,2024-05-11,685,140,39:18,34.99%,
South Manchester,2024-05-04,650,394,33:36,40.92%,
Oldham,2024-04-27,633,180,34:35,39.76%,
Bolton,2024-04-20,595,214,35:54,38.30%,
Peel,2024-04-13,126,454,32:52,41.84%,
Stretford,2024-04-06,349,559,32:25,42.42%,
Fleetwood Promenade,2024-03-30,223,129,34:11,40.22%,
University of Northampton,2024-03-23,32,70,30:26,45.18%,
Preston,2024-03-16,516,277,31:25,43.77%,PB
Stretford,2024-03-09,345,365,30:12,45.53%,PB
Fleetwood Promenade,2024-03-02,219,60,28:53,47.61%,PB
Sale Water,2024-02-24,253,251,31:12,43.75%,PB
South Manchester,2024-02-17,640,225,30:01,45.47%,PB
Delamere,2024-02-10,482,396,41:32,32.87%,
Stretford,2024-02-03,341,449,31:07,43.87%,PB
Heaton Park,2024-01-27,619,546,32:50,41.57%,PB
Heaton Park,2024-01-20,618,800,35:46,38.16%,
Worsley Woods,2024-01-13,533,343,32:59,41.38%,
South Manchester,2024-01-06,635,333,34:59,39.02%,
Alexandra,2023-12-30,128,306,33:51,40.32%,
Worsley Woods,2023-12-25,530,298,32:12,42.39%,PB
Keswick,2023-12-23,422,192,30:58,44.08%,PB
Alexandra,2023-12-16,125,309,30:23,44.93%,PB
Peel,2023-12-09,110,163,31:29,43.36%,
Peel,2023-12-02,109,259,30:59,44.06%,PB
Stretford,2023-11-25,332,384,31:19,43.59%,PB
Stretford,2023-11-18,331,397,32:09,42.46%,PB
Valentines,2023-11-11,596,182,31:15,43.68%,
Fountains Abbey,2023-11-04,414,358,33:08,41.20%,
Clarence,2023-10-28,6,79,35:41,38.25%,
Rothay Park,2023-10-21,115,98,32:30,42.00%,
Wythenshawe,2023-10-14,543,157,35:16,38.71%,PB
Sutton Manor,2023-09-30,118,48,40:42,33.54%,
Stretford,2023-09-23,323,462,33:03,41.30%,PB
Whinlatter Forest,2023-09-16,212,80,47:20,28.84%,
Woodhouse Moor,2023-09-09,770,426,36:11,37.72%,
Worsley Woods,2023-09-02,516,347,38:07,35.81%,
Blackpool,2023-08-26,264,214,32:36,41.87%,
Morecambe Prom,2023-08-19,155,205,31:05,43.91%,PB
Philips Park,2023-08-12,23,83,32:33,41.94%,
Watergrove,2023-08-05,387,55,36:44,37.16%,
Burnage,2023-07-29,494,118,33:08,41.20%,
York,2023-07-22,467,422,32:38,41.83%,
Witton,2023-07-15,296,68,35:55,38.00%,
Glossop,2023-07-08,310,99,34:40,39.38%,
Wepre,2023-07-01,291,87,37:24,36.50%,
Fleetwood Promenade,2023-06-24,182,83,31:53,42.81%,PB
"Old Railway Trail, Llangollen",2023-06-17,1,183,34:24,39.68%,
Fletcher Moss,2023-06-10,159,281,33:11,41.14%,
Conwy,2023-06-03,352,197,33:53,40.29%,
Delamere,2023-05-27,444,374,39:13,34.81%,
Tawd Valley,2023-05-20,125,66,37:04,36.83%,
Keswick,2023-05-13,392,146,33:26,40.83%,
Roberts Park,2023-05-06,80,404,35:15,38.72%,
Jersey Farm,2023-04-29,156,225,36:43,37.18%,
Kew Woods,2023-04-22,145,52,37:08,36.76%,
Wynyard Woodland,2023-04-15,1,340,36:09,37.76%,
Ellesmere Port,2023-04-08,361,75,34:25,39.66%,
Isabel Trail,2023-04-01,130,155,36:13,37.69%,
Greenfield Valley,2023-03-25,63,44,39:09,34.87%,
Warrington,2023-03-18,412,329,39:28,34.59%,
Stretford,2023-03-11,297,433,39:16,34.76%,
Zuiderpark,2023-03-04,68,74,39:18,34.73%,
Hyde,2023-02-25,249,118,40:33,33.42%,
Fell Foot,2023-02-18,340,137,43:19,31.28%,
Alexandra,2023-02-11,86,293,37:07,36.51%,
Stretford,2023-02-04,292,583,39:00,34.74%,
Morecambe Prom,2023-01-28,127,296,39:08,34.63%,
Peel,2023-01-21,65,421,38:36,35.10%,PB
Stretford,2023-01-14,290,579,40:40,33.32%,
Stretford,2023-01-07,289,522,39:01,34.73%,
South Manchester,2022-12-10,582,195,39:09,34.61%,
Stretford,2022-12-03,286,397,38:51,34.88%,
Stretford,2022-11-19,284,583,40:11,33.72%,
Stretford,2022-10-15,279,414,46:40,29.04%,
Stretford,2022-10-08,278,519,43:12,31.37%,
Peel,2022-09-24,50,244,44:33,30.42%,PB
Stretford,2022-09-17,275,517,44:50,30.22%,
Peel,2022-09-10,48,425,46:26,29.18%,
Bushy Park,2021-08-21,839,1062,46:12,29.11%,PB
Sixfields Upton,2021-08-07,102,339,48:01,28.01%,
Bushy Park,2021-07-31,836,1022,49:47,27.02%,
Wythenshawe,2019-05-18,391,298,57:43,22.99%,
Fleetwood Promenade,2019-01-12,25,78,42:18,31.17%,
Sale Water,2018-01-01,11,578,42:47,30.66%,
Sale Water,2017-10-14,2,168,39:16,33.40%,
Stretford,2017-09-02,94,476,39:21,33.33%,
Stretford,2017-08-12,91,425,38:36,33.98%,
Stretford,2017-07-15,87,423,36:27,35.99%,
Stretford,2017-06-10,82,334,35:30,36.95%,
Princes,2017-05-27,319,289,38:40,33.92%,
South Manchester,2017-05-13,374,518,33:40,38.96%,PB
Heaton Park,2017-05-06,367,550,35:01,37.46%,PB
Stretford,2017-04-29,77,499,33:48,38.81%,
Bolton,2017-04-22,314,307,39:14,33.43%,
Bolton,2017-04-15,313,332,37:35,34.90%,
Worsley Woods,2017-04-08,267,362,37:04,35.39%,
Bolton,2017-03-11,308,326,39:30,33.21%,
Chadderton Hall,2017-02-25,43,49,40:55,31.89%,
Heaton Park,2017-02-18,357,619,39:17,33.22%,
Bolton,2017-02-11,304,279,40:22,32.33%,
Bolton,2017-01-21,301,285,50:19,25.94%,
Bolton,2017-01-01,300,214,41:46,31.25%,
Bolton,2016-12-03,295,168,34:01,38.36%,
Bolton,2016-11-19,293,151,36:38,35.62%,
Bolton,2016-11-12,292,165,36:42,35.56%,
Bolton,2016-11-05,291,237,35:13,37.06%,
Bolton,2016-10-29,290,209,35:52,36.38%,
Bolton,2016-10-22,289,239,36:05,36.17%,
South Manchester,2016-10-01,344,348,34:01,38.36%,
Haigh Woodland,2016-09-17,46,116,35:49,36.44%,
Preston,2016-09-10,214,262,36:01,36.23%,
Northampton,2016-08-20,224,360,34:18,38.05%,
Pennington Flash,2016-08-13,273,155,36:06,36.15%,
Lytham Hall,2016-07-30,33,167,33:24,39.07%,
Oldham,2016-07-23,307,122,36:31,35.74%,
Huddersfield,2016-07-09,272,498,37:07,35.16%,
Burnley,2016-06-18,207,330,36:49,35.45%,
Congleton,2016-06-04,183,206,35:29,36.78%,
Worsley Woods,2016-05-28,222,295,34:43,37.59%,
Bolton,2016-05-21,267,210,38:39,33.76%,
Bolton,2016-05-14,266,286,38:24,33.98%,
Bolton,2016-05-07,265,302,39:08,33.35%,
Bolton,2016-04-30,264,254,36:59,35.29%,
Bolton,2016-04-09,261,263,40:55,31.89%,
Bolton,2014-10-25,189,200,34:58,37.08%,
Bolton,2014-09-20,184,168,31:11,41.58%,
Oldham,2013-09-07,158,79,28:59,44.62%,
Bolton,2013-07-27,123,129,29:13,44.27%,
Bolton,2013-03-02,103,120,28:37,45.20%,
